{"money": 179.36597838404123, "upgrades": {"0": 25, "1": 13, "2": 6, "3": 5, "4": 0, "5": 0, "6": 0, "7": 0, "8": 0, "9": 0, "10": 0, "11": 0}, "surge_count": 346.36237931251526, "level": 4, "total_earned": 97321.36597838376}